Šˆ“®{İ,¬™–L”_‰€, ‰ê,37,//www.jalan.net/kankou/spt_guide000000202122/activity_plan/?showplan=ichiran_planall
Šˆ“®{İ,‚–ì‚¢‚¿‚²‰€, ‰ê,78,//www.jalan.net/kankou/spt_guide000000202261/activity_plan/?showplan=ichiran_planall
Šˆ“®{İ,“©Œ|‹³º –x‰z“©–[,‘åã,119,//www.jalan.net/kankou/spt_guide000000180573/activity_plan/?showplan=ichiran_planall
Šˆ“®{İ,_ŒËŒ|pŠw—Ñ“©Œ|‹³º,•ºŒÉ,77,//www.jalan.net/kankou/spt_guide000000181390/activity_plan/?showplan=ichiran_planall
Šˆ“®{İ,‹“s’…•¨ƒŒƒ“ƒ^ƒ‹‚«‚ç‚è,‹“s,123,//www.jalan.net/kankou/spt_guide000000209458/activity_plan/?showplan=ichiran_planall
Šˆ“®{İ,‚¢‚¿‚²‰€ƒtƒFƒŠ[ƒ`ƒF, ‰ê,56,//www.jalan.net/kankou/spt_25210cb3512080676/activity_plan/?showplan=ichiran_planall
Šˆ“®{İ,SAIJO,‹“s,92,//www.jalan.net/kankou/spt_guide000000206080/activity_plan/?showplan=ichiran_planall
Šˆ“®{İ,‘å‰Æ”_‰€,•ºŒÉ,30,//www.jalan.net/kankou/spt_guide000000192199/activity_plan/?showplan=ichiran_planall
Šˆ“®{İ,ƒNƒƒXƒzƒeƒ‹‘åã TERRACE&DINING ZERO,‘åã,114,//www.jalan.net/kankou/spt_guide000000193109/activity_plan/?showplan=ichiran_planall
Šˆ“®{İ,LIP~K‚¹‚¢‚¿‚²‰€~,“Ş—Ç,58,//www.jalan.net/kankou/spt_guide000000215141/activity_plan/?showplan=ichiran_planall
Šˆ“®{İ,‹—F‘TŒ^õ‚ß‘ÌŒ±H–[–k–{õŒ|,‹“s,48,//www.jalan.net/kankou/spt_guide000000207479/activity_plan/?showplan=ichiran_planall
Šˆ“®{İ,SHIRAHAMA KEY TERRACE HOTEL SEAMOREiƒzƒeƒ‹ƒV[ƒ‚ƒAj,˜a‰ÌR,120,//www.jalan.net/kankou/spt_guide000000197705/activity_plan/?showplan=ichiran_planall
Šˆ“®{İ,‚f‚’‚‚‚„‚a‚…‚’‚’‚™,‘åã,50,//www.jalan.net/kankou/spt_guide000000210848/activity_plan/?showplan=ichiran_planall
Šˆ“®{İ,ƒvƒŒƒ~ƒAƒzƒeƒ‹-CABIN PRESIDENT-‘åã,‘åã,89,//www.jalan.net/kankou/spt_guide000000214534/activity_plan/?showplan=ichiran_planall
Šˆ“®{İ,‹“s’…•¨ƒŒƒ“ƒ^ƒ‹@‚­‚é‚ñB-Curun,‹“s,43,//www.jalan.net/kankou/spt_guide000000190661/activity_plan/?showplan=ichiran_planall
Šˆ“®{İ,JCA@ƒLƒƒƒ“ƒhƒ‹ƒXƒ^ƒWƒI@‘åãZ,‘åã,79,//www.jalan.net/kankou/spt_guide000000201376/activity_plan/?showplan=ichiran_planall
Šˆ“®{İ,‚Ğ‚Ì‚Åƒtƒ@[ƒ€, ‰ê,30,//www.jalan.net/kankou/spt_guide000000212020/activity_plan/?showplan=ichiran_planall
Šˆ“®{İ,“ú–{•¶‰»‘ÌŒ± ˆÁan‹“s,‹“s,97,//www.jalan.net/kankou/spt_guide000000184617/activity_plan/?showplan=ichiran_planall
Šˆ“®{İ,‹n‰® ˜a‰Ùq‚Ã‚­‚è‘ÌŒ±,•ºŒÉ,75,//www.jalan.net/kankou/spt_guide000000217274/activity_plan/?showplan=ichiran_planall
Šˆ“®{İ,‹“sR‰Èƒzƒeƒ‹RŠyfinediningR‰È,‹“s,45,//www.jalan.net/kankou/spt_guide000000210459/activity_plan/?showplan=ichiran_planall
Šˆ“®{İ,••Ç24†ŠÙ@“©Œ|H–[‚Ù‚Á‚±‚­‚ª‚Ü, ‰ê,64,//www.jalan.net/kankou/spt_guide000000197473/activity_plan/?showplan=ichiran_planall
