Šˆ“®{İ,ƒAƒJƒlƒX ‹“s,‹“s,3501,//www.jalan.net/kankou/spt_guide000000205497/activity_plan/?showplan=ichiran_planall
Šˆ“®{İ,itoaware-‚¢‚Æ‚ ‚Í‚ê-‘åã“X,‘åã,3835,//www.jalan.net/kankou/spt_guide000000208867/activity_plan/?showplan=ichiran_planall
Šˆ“®{İ,itoaware-‚¢‚Æ‚ ‚Í‚ê-‹“s“X,‹“s,2575,//www.jalan.net/kankou/spt_guide000000209027/activity_plan/?showplan=ichiran_planall
Šˆ“®{İ,ƒAƒJƒlƒX‘åã,‘åã,3223,//www.jalan.net/kankou/spt_guide000000208758/activity_plan/?showplan=ichiran_planall
Šˆ“®{İ,ƒAƒJƒlƒX@´…,‹“s,2453,//www.jalan.net/kankou/spt_guide000000213526/activity_plan/?showplan=ichiran_planall
Šˆ“®{İ,‚ä‚ß‚³‚«ä•ƒnƒEƒX,•ºŒÉ,454,//www.jalan.net/kankou/spt_guide000000191950/activity_plan/?showplan=ichiran_planall
Šˆ“®{İ,itoaware-‚¢‚Æ‚ ‚Í‚ê-_ŒË“X,•ºŒÉ,826,//www.jalan.net/kankou/spt_guide000000215524/activity_plan/?showplan=ichiran_planall
Šˆ“®{İ,‹“s’…•¨ƒŒƒ“ƒ^ƒ‹@‹‚È‚Å‚µ‚±,‹“s,755,//www.jalan.net/kankou/spt_guide000000197823/activity_plan/?showplan=ichiran_planall
Šˆ“®{İ,itoaware-‚¢‚Æ‚ ‚Í‚ê-••ÇƒXƒNƒGƒA“X, ‰ê,1301,//www.jalan.net/kankou/spt_guide000000213553/activity_plan/?showplan=ichiran_planall
Šˆ“®{İ,ƒAƒJƒlƒXSÖ‹´,‘åã,636,//www.jalan.net/kankou/spt_guide000000220029/activity_plan/?showplan=ichiran_planall
Šˆ“®{İ,‹“s‚«‚à‚ÌƒŒƒ“ƒ^ƒ‹—í,‹“s,889,//www.jalan.net/kankou/spt_guide000000184062/activity_plan/?showplan=ichiran_planall
Šˆ“®{İ,V‚³‚ñ‚¾”_‰€‚¢‚È‰ª,•ºŒÉ,204,//www.jalan.net/kankou/spt_guide000000191926/activity_plan/?showplan=ichiran_planall
Šˆ“®{İ,ƒŒƒSƒ‰ƒ“ƒhEƒfƒBƒXƒJƒoƒŠ[EƒZƒ“ƒ^[‘åã,‘åã,1749,//www.jalan.net/kankou/spt_guide000000183933/activity_plan/?showplan=ichiran_planall
Šˆ“®{İ,Œ´“c‚¢‚¿‚²ƒtƒ@[ƒ€,•ºŒÉ,205,//www.jalan.net/kankou/spt_guide000000208521/activity_plan/?showplan=ichiran_planall
Šˆ“®{İ,gardenSÖ‹´,‘åã,520,//www.jalan.net/kankou/spt_guide000000208181/activity_plan/?showplan=ichiran_planall
Šˆ“®{İ,‹“s’…•¨ƒŒƒ“ƒ^ƒ‹@AKURU,‹“s,425,//www.jalan.net/kankou/spt_guide000000190061/activity_plan/?showplan=ichiran_planall
Šˆ“®{İ,—L”nŠX“¹‰·ò‚·‚¸‚ç‚ñ‚Ì“’,•ºŒÉ,379,//www.jalan.net/kankou/spt_guide000000217437/activity_plan/?showplan=ichiran_planall
Šˆ“®{İ,SWING BY,“Ş—Ç,189,//www.jalan.net/kankou/spt_guide000000193720/activity_plan/?showplan=ichiran_planall
Šˆ“®{İ,‚ ‚©‚èƒfƒUƒCƒ“H–[,‹“s,323,//www.jalan.net/kankou/spt_guide000000193400/activity_plan/?showplan=ichiran_planall
Šˆ“®{İ,ƒ‹[ƒ€ƒ‹[ƒ€‚Æ‚¤‚°‚¢‚«‚å‚¤‚µ‚Â,‘åã,341,//www.jalan.net/kankou/spt_guide000000188508/activity_plan/?showplan=ichiran_planall
Šˆ“®{İ,trois'r, ‰ê,216,//www.jalan.net/kankou/spt_guide000000215353/activity_plan/?showplan=ichiran_planall
Šˆ“®{İ,‹“s’…•¨ƒŒƒ“ƒ^ƒ‹ ‚Í‚¿‚İ‚Â `‚©‚í‚¢‚¢’…•¨‰®‚³‚ñ`produce by  H•C group,‹“s,449,//www.jalan.net/kankou/spt_guide000000185767/activity_plan/?showplan=ichiran_planall
Šˆ“®{İ,garden‹“s,‹“s,290,//www.jalan.net/kankou/spt_guide000000213254/activity_plan/?showplan=ichiran_planall
Šˆ“®{İ,itoaware-‚¢‚Æ‚ ‚Í‚ê-“Ş—Ç“X,“Ş—Ç,681,//www.jalan.net/kankou/spt_guide000000217070/activity_plan/?showplan=ichiran_planall
Šˆ“®{İ,’¤‹àH–[@‹P•—, ‰ê,283,//www.jalan.net/kankou/spt_guide000000188141/activity_plan/?showplan=ichiran_planall
Šˆ“®{İ,_ŒË‚Ç‚¤‚Ô‚Â‰¤‘,•ºŒÉ,1526,//www.jalan.net/kankou/spt_28110ae3312036114/activity_plan/?showplan=ichiran_planall
